position,mutation,P_D_8_1,P_D_8_2,P_D_8_3,P_D_8_4,P_D_8_5,P_D_8_6,P_D_8_7,P_D_8_8,P_D_8_9,P_D_8_10,P_D_8_11,P_D_15_1,P_D_15_2,P_D_15_3,P_D_15_4,P_D_15_5,P_D_15_6,P_D_15_7,P_D_15_8,P_D_15_9,P_D_15_10,P_D_15_11,P_D_22_1,P_D_22_2,P_D_22_3,P_D_22_4,P_D_22_5,P_D_22_6,P_D_22_7,P_D_22_8,P_D_22_9,P_D_22_10,P_D_22_11,P_D_28_1,P_D_28_2,P_D_28_3,P_D_28_4,P_D_28_5,P_D_28_6,P_D_28_7,P_D_28_8,P_D_28_9,P_D_28_10,P_D_28_11,annotation,gene,description
175,T_G,,,,,,,,,,,,,,,,,,,,,,,,,,,,,,,,,,,,,,,,,100%,,,,intergenic (–/_15),– / _ nu1,–/DNA packaging protein
327,C_T,,,,,,,,,,,,,,,,,,,,,,,,,,,,,,,,,,,,,,,,,100%,,,,V46V (GTC_GTT) ,nu1 _,DNA packaging protein
332,A_G,,,,,,,,,,,,,,,,,,,,,,,,,,,,,,,,,,,,,,,,,100%,,,,K48R (AAA_AGA) ,nu1 _,DNA packaging protein
384,G_A,,,,,,,,,,,,,,,,,,,,,,,,,,,,,,,,,,,,,,,,,100%,,,,E65E (GAG_GAA) ,nu1 _,DNA packaging protein
412,G_A,,,,,,,,,,,,,,,,,,,,,,,,,,,,,,,,,,,,,,,,,100%,,100%,,A75T (GCA_ACA) ,nu1 _,DNA packaging protein
429,A_G,,,,,,,,,,,,,,,,,,,,,,,,,,,,,,,,,,,,,,,,,100%,,100%,,G80G (GGA_GGG) ,nu1 _,DNA packaging protein
483,A_G,,,,,,,,,,,,,,,,,,,,,,,,,,,,,,,,,,,,,,,,,100%,,100%,,E98E (GAA_GAG) ,nu1 _,DNA packaging protein
489,G_A,,,,,,,,,,,,,,,,,,,,,,,,,,,,,,,,,,,,,,,,,100%,,100%,,K100K (AAG_AAA) ,nu1 _,DNA packaging protein
583,C_A,,,,,,,,,,,,,,,,,,,,,,,,,,,,,,,,,,,,,,,,,100%,,100%,,L132I (CTC_ATC) ,nu1 _,DNA packaging protein
"9,067",T_C,,,,,,100%,,,,,,,,,,,,,,,,,,,,,,,,,,,,,,,,,,,,,,,R38R (CGT_CGC) ,V _,tail component
"11,451",C_T,,,,,,,,,,,,100%,,100%,100%,,,100%,,100%,,100%,100%,,,,,,100%,100%,100%,100%,100%,100%,100%,100%,100%,100%,100%,100%,100%,100%,100%,100%,A304V (GCA_GTA) ,H _,tail component
"15,890",A_G,,,,,100%,,,,,,,100%,,100%,,,,,,100%,100%,100%,,,,,,,,,,,,,,,,,,,,,,,D129G (GAC_GGC) ,J _,tail:host specificity protein
"16,218",G_T,,,,,,,,,,,,100%,,100%,,,,,,100%,100%,100%,,,,,,,,,,,,,,,,,,,,,,,L238L (CTG_CTT) ,J _,tail:host specificity protein
"16,227",T_C,,,,,,,,,,,,100%,,100%,,,,,,100%,100%,100%,,,,,,,,,,,,,,,,,,,,,,,R241R (CGT_CGC) ,J _,tail:host specificity protein
"16,299",A_G,,,,,,,,,,,,100%,,100%,,,,,,100%,100%,100%,,,,,,,,,,,,,,,,,,,,,,,K265K (AAA_AAG) ,J _,tail:host specificity protein
"16,318",2 bp_CC,,,,,,,,,,,,100%,,100%,,,,,,100%,100%,100%,,,,,,,,,,,,,,,,,,,,,,,coding (814_815/3399 nt),J _,tail:host specificity protein
"16,350",T_C,,,,,,,,,,,,100%,,100%,,,,,,100%,100%,100%,,,,,,,,,,,,,,,,,,,,,,,H282H (CAT_CAC) ,J _,tail:host specificity protein
"16,449",C_T,,,100%,,,,,,,,,100%,,100%,,,,,,100%,100%,100%,,,,,,,,,,,,,,,,,,,,,,,G315G (GGC_GGT) ,J _,tail:host specificity protein
"16,485",G_C,,, ,,,,,,,,,100%,,100%,,,,,,100%,100%,100%,,,,,,,,,,,,,,,,,,,,,,,A327A (GCG_GCC) ,J _,tail:host specificity protein
"16,497",A_G,,,,,,,,,,,,100%,,100%,,,,,,100%,100%,100%,,,,,,,,,,,,,,,,,,,,,,,T331T (ACA_ACG) ,J _,tail:host specificity protein
"16,524",C_T,,,,,,,,,,,,100%,,100%,,,,,,100%,100%,100%,,,,,,,,,,,,,,,,,,,,,,,S340S (AGC_AGT) ,J _,tail:host specificity protein
"16,596",G_A,,, ,,,,,,,,,100%,,100%,,,,,,100%,100%,100%,,,,,,,,,,,,,,,,,,,,,,,P364P (CCG_CCA) ,J _,tail:host specificity protein
"16,599",G_A,,,,,,,,,,,,100%,,100%,,,,,,100%,100%,100%,,,,,,,,,,,,,,,,,,,,,,,S365S (TCG_TCA) ,J _,tail:host specificity protein
"16,606",2 bp_GT,,,,,,,,,,,,100%,,100%,,,,,,100%,100%,100%,,,,,,,,,,,,,,,,,,,,,,,coding (1102_1103/3399 nt),J _,tail:host specificity protein
"16,725",C_T,,,,,,,,,,,,100%,,100%,,,,,100%,100%,100%,100%,,,,,,,,,,,,,,,,,,,,,,,N407N (AAC_AAT) ,J _,tail:host specificity protein
"16,774",2 bp_CT,,,,,,,,,,,,100%,,100%,,,,,100%,100%,100%,100%,,,,,,,,,,,,,,,,,,,,,,,coding (1270_1271/3399 nt),J _,tail:host specificity protein
"16,791",T_C,,,,,,,,,,,,100%,,100%,,,,,100%,100%,100%,100%,,,,,,,,,,,,,,,,,,,,,,,N429N (AAT_AAC) ,J _,tail:host specificity protein
"16,794",T_C,,,,,,,,,,,,100%,,100%,,,,,100%,100%,100%,100%,,,,,,,,,,,,,,,,,,,,,,,V430V (GTT_GTC) ,J _,tail:host specificity protein
"16,866",A_G,,,,,,,,,,,,100%,,100%,,,,,100%,100%,100%,100%,,,,,,,,,,,,,,,,,,,,,,,T454T (ACA_ACG) ,J _,tail:host specificity protein
"16,869",A_G,,,,,,,,,,,,100%,,100%,,,,,100%,100%,100%,100%,,,,,,,,,,,,,,,,,,,,,,,E455E (GAA_GAG) ,J _,tail:host specificity protein
"16,893",T_C,,,,,,,,,,,,100%,,100%,,,,,100%,100%,100%,100%,,,,,,,,,,,,,,,,,,,,,,,D463D (GAT_GAC) ,J _,tail:host specificity protein
"16,902",C_G,,,,,,,,,,,,100%,,100%,,,,,100%,100%,100%,100%,,,,,,,,,,,,,,,,,,,,,,,V466V (GTC_GTG) ,J _,tail:host specificity protein
"16,905",C_T,,,,,,,,,,,,100%,,100%,,,,,100%,100%,100%,100%,,,,,,,,,,,,,,,,,,,,,,,G467G (GGC_GGT) ,J _,tail:host specificity protein
"16,908",A_C,,,,,,,,,,,,100%,,100%,,,,,100%,100%,100%,100%,,,,,,,,,,,,,,,,,,,,,,,A468A (GCA_GCC) ,J _,tail:host specificity protein
"16,938",T_C,,,,,,,,,,,,100%,,100%,,,,,100%,100%,100%,100%,,,,,,,,,,,,,,,,,,,,,,,V478V (GTT_GTC) ,J _,tail:host specificity protein
"16,972",A_C,,,100%,,,,,,,,,100%,,100%,,,,,100%,100%,100%,100%,,,,,,,,,,,,,,,,,,,,,,,S490R (AGC_CGC) ,J _,tail:host specificity protein
"16,980",T_C,,, ,,,,,,,,,100%,,100%,,,,,100%,100%,100%,100%,,,,,,,,,,,,,,,,,,,,,,,G492G (GGT_GGC) ,J _,tail:host specificity protein
"16,983",T_G,,, ,,,,,,,,,100%,,100%,,,,,100%,100%,100%,100%,,,,,,,,,,,,,,,,,,,,,,,G493G (GGT_GGG) ,J _,tail:host specificity protein
"16,986",T_C,,,,,,,,,,,,100%,,100%,,,,,100%,100%,100%,100%,,,,,,,,,,,,,,,,,,,,,,,R494R (CGT_CGC) ,J _,tail:host specificity protein
"16,998",G_A,,,100%,,,,,,,,,100%,,100%,,,,,,100%,100%,100%,,,,,,,,,,,,,,,,,,,,,,,V498V (GTG_GTA) ,J _,tail:host specificity protein
"17,049",C_T,,,,,,,,,,,,,,100%,100%,,,,,100%,100%,100%,100%,,,,,,100%,100%,100%,100%,100%,100%,100%,100%,100%,100%,100%,100%,100%,100%,100%,100%,S515S (TCC_TCT) ,J _,tail:host specificity protein
"17,055",T_C,,,,,,,,,,,,,,100%,100%,,,,,100%,100%,100%,100%,,,,,,100%,100%,100%,100%,100%,100%,100%,100%,100%,100%,100%,100%,100%,100%,100%,100%,G517G (GGT_GGC) ,J _,tail:host specificity protein
"17,059",G_A,,,,,,,,,,,,,,100%,100%,,,,,100%,100%,100%,100%,,,,,, ,100%,100%,100%,100%,100%,100%,100%,100%,100%,100%,100%,100%,100%,100%,100%,A519T (GCG_ACG) ,J _,tail:host specificity protein
"17,081",+G,,,,,,,,,,,,,,100%,100%,,,,,100%,,100%,100%,,,,,,,,100%,100%,,100%,100%,100%,100%,100%,100%,100%,100%,100%,100%,100%,coding (1577/3399 nt),J _,tail:host specificity protein
"17,082",A_C,,,,,,,,,,,,,,100%,100%,,,,,100%,100%,100%,100%,,,,,,,,100%,100%,100%,100%,100%,100%,100%,100%,100%,100%,100%,100%,100%,100%,G526G (GGA_GGC) ,J _,tail:host specificity protein
"17,085",_1 bp,,,,,,,,,,,,,,100%,100%,,,,,100%,100%,100%,100%,,,,,,,,100%,100%,100%,100%,100%,100%,100%,100%,100%,100%,100%,100%,100%,100%,coding (1581/3399 nt),J _,tail:host specificity protein
"17,088",C_G,,,,,,,,,,,,,,100%,100%,,,,,100%,100%,100%,100%,,,,,,,100%,100%,100%,100%,100%,100%,100%,100%,100%,100%,100%,100%,100%,100%,100%,G528G (GGC_GGG) ,J _,tail:host specificity protein
"17,090",A_G,,,,,,,,,,,,,,100%,100%,,,,,100%,100%,100%,100%,,,,,,,100%,100%,100%,100%,100%,100%,100%,100%,100%,100%,100%,100%,100%,100%,100%,N529S (AAT_AGT) ,J _,tail:host specificity protein
"17,136",A_G,,,,,,,,,,,,,,100%,100%,,,,,100%,100%,100%,100%,,,,,,,100%,100%,100%,100%,100%,100%,100%,100%,100%,100%,100%,100%,100%,100%,100%,V544V (GTA_GTG) ,J _,tail:host specificity protein
"17,160",T_C,,,,,,,,,,,,,,100%,100%,,,,,100%,100%,100%,100%,,,,,,,100%,100%,100%,100%,100%,100%,100%,100%,100%,100%,100%,100%,100%,100%,100%,G552G (GGT_GGC) ,J _,tail:host specificity protein
"17,183",A_G,,,,,,,,,,,,,,100%,100%,,,,,100%,100%,100%,100%,,,,,,,100%,100%,100%,100%,100%,100%,100%,100%,100%,100%,100%,100%,100%,100%,100%,E560G (GAG_GGG) ,J _,tail:host specificity protein
"17,200",C_T,,,,,,,,,,,,,,100%,100%,,,,,100%,100%,100%,100%,,,,,,,100%,100%,100%,100%,100%,100%,100%,100%,100%,100%,100%,100%,100%,100%,100%,L566L (CTG_TTG) ,J _,tail:host specificity protein
"17,211",A_C,,,,,,,,,,,,,,100%,100%,,,,,100%,100%,100%,100%,,,,,,,100%,100%,100%,100%,100%,100%,100%,100%,100%,100%,100%,100%,100%,100%,100%,R569R (CGA_CGC) ,J _,tail:host specificity protein
"17,280",G_A,,,,,,,,,,,,,,100%,100%,,,,,100%,100%,100%,100%,,,,,,100%,100%,100%,100%,100%,100%,100%,100%,100%,100%,100%,100%,100%,100%,100%,100%,V592V (GTG_GTA) ,J _,tail:host specificity protein
"17,328",A_C,,,,,,,,,,,,,,100%,100%,,,,,100%,100%,100%,100%,,,,,, ,100%,100%,100%,100%,100%,100%,100%,100%,100%,100%,100%,100%,100%,100%,100%,E608D (GAA_GAC) ,J _,tail:host specificity protein
"17,334",T_C,,,,,,,,,,,,,,100%,100%,,,,,100%,100%,100%,100%,,,,,,100%,100%,100%,100%,100%,100%,100%,100%,100%,100%,100%,100%,100%,100%,100%,100%,S610S (AGT_AGC) ,J _,tail:host specificity protein
"17,343",G_A,,,,,,,,,,,,,,100%,100%,,,,,100%,100%,100%,100%,,,,,,100%,100%,100%,100%,100%,100%,100%,100%,100%,100%,100%,100%,100%,100%,100%,100%,V613V (GTG_GTA) ,J _,tail:host specificity protein
"17,391",T_C,,,,,,,,,,,,,,100%,100%,,,,,100%,100%,100%,100%,,,,,,100%,100%,100%,100%,100%,100%,100%,100%,100%,100%,100%,100%,100%,100%,100%,100%,T629T (ACT_ACC) ,J _,tail:host specificity protein
"17,409",T_C,,,,,,,,,,,,,,100%,100%,,,,,100%,100%,100%,100%,,,,,,100%,100%,100%,100%,100%,100%,100%,100%,100%,100%,100%,100%,100%,100%,100%,100%,Y635Y (TAT_TAC) ,J _,tail:host specificity protein
"17,421",G_C,,,,,,,,,,,,,,100%,100%,,,,,100%,100%,100%,100%,,,,,,100%,100%,100%,100%,100%,100%,100%,100%,100%,100%,100%,100%,100%,100%,100%,100%,A639A (GCG_GCC) ,J _,tail:host specificity protein
"17,424",A_C,,,,,,,,,,,,,,100%,100%,,,,,100%,100%,100%,100%,,,,,,100%,100%,100%,100%,100%,100%,100%,100%,100%,100%,100%,100%,100%,100%,100%,100%,R640R (CGA_CGC) ,J _,tail:host specificity protein
"17,430",C_T,,,,,,,,,,,,,,100%,100%,,,,,100%,100%,100%,100%,,,,,,100%,100%,100%,100%,100%,100%,100%,100%,100%,100%,100%,100%,100%,100%,100%,100%,D642D (GAC_GAT) ,J _,tail:host specificity protein
"17,433",A_G,,,,,,,,,,,,,,100%,100%,,,,,100%,100%,100%,100%,,,,,,100%,100%,100%,100%,100%,100%,100%,100%,100%,100%,100%,100%,100%,100%,100%,100%,T643T (ACA_ACG) ,J _,tail:host specificity protein
"17,457",T_C,,,,,,,,,,,,,,100%,100%,,,,,100%,100%,100%,100%,,,,,,100%,100%,100%,100%,100%,100%,100%,100%,100%,100%,100%,100%,100%,100%,100%,100%,S651S (AGT_AGC) ,J _,tail:host specificity protein
"17,466",C_T,,,,,,,,,,,,,,100%,100%,,,,,100%,100%,100%,100%,,,,,,100%,100%,100%,100%,100%,100%,100%,100%,100%,100%,100%,100%,100%,100%,100%,100%,L654L (CTC_CTT) ,J _,tail:host specificity protein
"17,469",T_C,,,,,,,,,,,,,,100%,100%,,,,,100%,100%,100%,100%,,,,,,100%,100%,100%,100%,100%,100%,100%,100%,100%,100%,100%,100%,100%,100%,100%,100%,R655R (CGT_CGC) ,J _,tail:host specificity protein
"17,478",2 bp_GG,,,,,,,,,,,,,,100%,100%,,,,,100%,100%,100%,100%,,,,,,100%,100%,100%,100%,100%,100%,100%,100%,100%,100%,100%,100%,100%,100%,100%,100%,coding (1974_1975/3399 nt),J _,tail:host specificity protein
"17,487",C_T,,,,,,,,,,,,,,100%,100%,,,,,100%,100%,100%,100%,,,,,,100%,100%,100%,100%,100%,100%,100%,100%,100%,100%,100%,100%,100%,100%,100%,100%,D661D (GAC_GAT) ,J _,tail:host specificity protein
"17,494",A_C,,,,,,,,,,,,,,100%,100%,,,,,100%,100%,100%,100%,,,,,,100%,100%,100%,100%,100%,100%,100%,100%,100%,100%,100%,100%,100%,100%,100%,100%,S664R (AGT_CGT) ,J _,tail:host specificity protein
"17,502",G_A,,,,,,,,,,,,,,100%,100%,,,,,100%,100%,100%,100%,,,,,,100%,100%,100%,100%,100%,100%,100%,100%,100%,100%,100%,100%,100%,100%,100%,100%,R666R (CGG_CGA) ,J _,tail:host specificity protein
"17,535",A_T,,,,,,,,,,,,,,100%,100%,,,,,100%,100%,100%,100%,,,,,,100%,100%,100%,100%,100%,100%,100%,100%,100%,100%,100%,100%,100%,100%,100%,100%,T677T (ACA_ACT) ,J _,tail:host specificity protein
"17,547",G_A,,,,,,,,,,,,,,100%,100%,,,,,100%,100%,100%,100%,,,,,,100%,100%,100%,100%,100%,100%,100%,100%,100%,100%,100%,100%,100%,100%,100%,100%,T681T (ACG_ACA) ,J _,tail:host specificity protein
"17,556",G_T,,,,,,,,,,,,,,100%,100%,,,,,100%,100%,100%,100%,,,,,,100%,100%,100%,100%,100%,100%,100%,100%,100%,100%,100%,100%,100%,100%,100%,100%,A684A (GCG_GCT) ,J _,tail:host specificity protein
"17,586",G_A,,,,,,,,,,,,,,100%,100%,,,,,100%,100%,100%,100%,,,,,,100%,100%,100%,100%,100%,100%,100%,100%,100%,100%,100%,100%,100%,100%,100%,100%,A694A (GCG_GCA) ,J _,tail:host specificity protein
"17,613",T_G,,,,,,,,,,,,,,100%,100%,,,,,100%,100%,100%,100%,,,,,,,100%,100%,100%,100%,100%,100%,100%,100%,100%,100%,100%,100%,100%,100%,100%,D703E (GAT_GAG) ,J _,tail:host specificity protein
"17,652",A_G,,,,,,,,,,,,,,100%,100%,,,,,100%,100%,100%,100%,,,,,,,100%,100%,100%,100%,100%,100%,100%,100%,100%,100%,100%,100%,100%,100%,100%,A716A (GCA_GCG) ,J _,tail:host specificity protein
"17,659",2 bp_CA,,,,,,,,,,,,,,100%,100%,,,,,100%,100%,100%,100%,,,,,,,100%,100%,100%,100%,100%,100%,100%,100%,100%,100%,100%,100%,100%,100%,100%,coding (2155_2156/3399 nt),J _,tail:host specificity protein
"17,673",G_A,,,,,,,,,,,,,,100%,100%,,,,,100%,100%,100%,100%,,,,,, ,100%,100%,100%,100%,100%,100%,100%,100%,100%,100%,100%,100%,100%,100%,100%,T723T (ACG_ACA) ,J _,tail:host specificity protein
"17,679",C_G,,,,,,,,,,,,,,100%,100%,,,,,100%,100%,100%,100%,,,,,, ,100%,100%,100%,100%,100%,100%,100%,100%,100%,100%,100%,100%,100%,100%,100%,G725G (GGC_GGG) ,J _,tail:host specificity protein
"17,712",C_G,,,,,,,,,,,,,,100%,,,,,,100%,100%,100%,,,,,,,,,,,,,,,,,,,,,,,A736A (GCC_GCG) ,J _,tail:host specificity protein
"17,721",C_T,,,,,,,,,,,,,,100%,100%,,,,,100%,100%,100%,100%,,,,,,100%,100%,100%,100%,100%,100%,100%,100%,100%,100%,100%,100%,100%,100%,100%,100%,D739D (GAC_GAT) ,J _,tail:host specificity protein
"17,759",A_G,,,,,,,,,,,,,,100%,100%,,,,,100%,100%,100%,100%,,,,,,100%,100%,100%,100%,100%,100%,100%,100%,100%,100%,100%,100%,100%,100%,100%,100%,Q752R (CAG_CGG) ,J _,tail:host specificity protein
"17,775",A_G,,,,,,,,,,,,,,100%,100%,,,,,100%,100%,100%,100%,,,,,, ,100%,100%,100%,100%,100%,100%,100%,100%,100%,100%,100%,100%,100%,100%,100%,R757R (AGA_AGG) ,J _,tail:host specificity protein
"17,788",+CA,,,,,,,,,,,,,,,,,,,,100%,,100%,,,,,,,,,,,,,100%,,,,,100%,,,,,coding (2284/3399 nt),J _,tail:host specificity protein
"17,793",G_A,,,,,,,,,,,,,,, ,,,,,,,,,,,,,,,,,,100%, ,,, ,100%,,,,100%, ,,T763T (ACG_ACA) ,J _,tail:host specificity protein
"17,795",_2 bp,,,,,,,,,,,,,,,,,,,,100%,,100%,,,,,,,,,,100%,,,100%,,100%,,100%,100%,100%,,,100%,coding (2291_2292/3399 nt),J _,tail:host specificity protein
"17,796",T_C,,,,,,,,,,,,,,,100%,,,,, ,100%, , ,,,,,,, ,, ,100%,100%, ,100%, ,100%, , , ,100%,100%, ,R764R (CGT_CGC) ,J _,tail:host specificity protein
"17,797",_1 bp,,,,,,,,,,,,,,100%,,,,,,,,,,,,,,,,,100%,,,,,,,,,,,,,,coding (2293/3399 nt),J _,tail:host specificity protein
"17,805",T_C,,,,,,,,,,,,,,100%,100%,,,,,100%,100%,100%,100%,,,,,,,100%,100%,100%,100%,100%,100%,100%,100%,100%,100%,100%,100%,100%,100%,100%,G767G (GGT_GGC) ,J _,tail:host specificity protein
"17,862",C_T,,,,,,,,,,,,,,100%,100%,,,,,100%,100%,100%,100%,,,,,,100%,100%,100%,100%,100%,100%,100%,100%,100%,100%,100%,100%,100%,100%,100%,100%,Y786Y (TAC_TAT) ,J _,tail:host specificity protein
"17,868",T_C,,,,,,,,,,,,,,100%,100%,,,,,100%,100%,100%,100%,,,,,,100%,100%,100%,100%,100%,100%,100%,100%,100%,100%,100%,100%,100%,100%,100%,100%,Y788Y (TAT_TAC) ,J _,tail:host specificity protein
"17,913",C_T,,,,,,,,,,,,,,100%,100%,,,,,, ,,100%,,,,,,, ,100%,,100%,100%,,,,,,,,,,,A803A (GCC_GCT) ,J _,tail:host specificity protein
"17,916",C_T,,,,,,,,,,,,,,100%,100%,,,,,, ,,100%,,,,,,,,100%,,100%,100%,,,,,,,,,,,V804V (GTC_GTT) ,J _,tail:host specificity protein
"17,919",T_C,,,,,,,,,,,,,,100%,100%,,,,,,,,100%,,,,,,,,100%,,100%,100%,,,,,,,,,,,G805G (GGT_GGC) ,J _,tail:host specificity protein
"17,921",G_A,,,,,,,,,,,,,,100%,100%,,,,,, ,,100%,,,,,,,,100%,,100%,100%,,,,,,,,,,,R806Q (CGG_CAG) ,J _,tail:host specificity protein
"17,923",G_C,,,,,,,,,,,,,,100%,100%,,,,,, ,,100%,,,,,,,,100%,,100%,100%,,,,,,,,,,,A807P (GCG_CCG) ,J _,tail:host specificity protein
"17,928",C_T,,,,,,,,,,,,,,100%,100%,,,,,, ,,100%,,,,,,,,100%,,100%,100%,,,,,,,,,,,S808S (AGC_AGT) ,J _,tail:host specificity protein
"17,937",2 bp_AT,,,,,,,,,,,,,,,100%,,,,,,,,,,,,,,,, ,,,,,,,,,,,,,,coding (2433_2434/3399 nt),J _,tail:host specificity protein
"17,937",4 bp_ATCC,,,,,,,,,,,,,,100%,,,,,,,,,100%,,,,,,,, ,,100%,100%,,,,,,,,,,,coding (2433_2436/3399 nt),J _,tail:host specificity protein
"17,940",A_C,,,,,,,,,,,,,,,100%,,,,,,,,,,,,,,,, ,,,,,,,,,,,,,,E812D (GAA_GAC) ,J _,tail:host specificity protein
"17,943",T_C,,,,,,,,,,,,,,100%, ,,,,,,,,100%,,,,,,,, ,,100%,100%,,,,,,,,,,,G813G (GGT_GGC) ,J _,tail:host specificity protein
"17,946",C_T,,,,,,,,,,,,,,100%, ,,,,,,,,100%,,,,,,,, ,,100%,100%,,,,,,,,,,,Y814Y (TAC_TAT) ,J _,tail:host specificity protein
"17,950",G_A,,,,,,,,,,,,,,100%,100%,,,,,,,,100%,,,,,,,, ,,100%,100%,,,,,,,,,,,D816N (GAT_AAT) ,J _,tail:host specificity protein
"17,964",2 bp_AG,,,,,,,,,,,,,,100%, ,,,,,,,,100%,,,,,,,,,,100%,100%,,,,,,,,,,,coding (2460_2461/3399 nt),J _,tail:host specificity protein
"18,255",G_T,,,,,,,,,,,,,,100%, ,,,,,,,,100%,,,,,,,,100%,,100%,100%,,,,,,,,,,,V917V (GTG_GTT) ,J _,tail:host specificity protein
"18,257",2 bp_GT,,,,,,,,,,,,,,100%, ,,,,,,,,100%,,,,,,,,100%,,100%,100%,,,,,,,,,,,coding (2753_2754/3399 nt),J _,tail:host specificity protein
"18,265",A_G,,,,,,,,,,,,,,100%,100%,,,,,, ,,100%,,,,,,,,100%,,100%,100%,,,,,,,,,,,N921D (AAC_GAT) ,J _,tail:host specificity protein
"18,267",C_T,,,,,,,,,,,,,,100%,100%,,,,,, ,,100%,,,,,,,,100%,,100%,100%,,,,,,,,,,,N921D (AAC_GAT) ,J _,tail:host specificity protein
"18,285",C_A,,,,,,,,,,,,,,100%,100%,,,,,,100%,,100%,,,,,,,100%,100%,,100%,100%,,,100%,,,,,,,,D927E (GAC_GAA) ,J _,tail:host specificity protein
"18,297",4 bp_ATAT,,,,,,,,,,,,,,100%,100%,,,,,,100%,,100%,,,,,,,100%,100%,,100%,100%,,,100%,,,,,,,,coding (2793_2796/3399 nt),J _,tail:host specificity protein
"18,309",C_T,,,,,,,,,,,,,,100%,,,,,,100%,100%,100%,,,,,,,,,,,,,,,,,,,,,,,A935A (GCC_GCT) ,J _,tail:host specificity protein
"18,330",C_T,,,,,,,,,,,,,,100%,,,,,,,100%,,,,,,,,,,,,,,,,,,,,,,,,G942G (GGC_GGT) ,J _,tail:host specificity protein
"18,342",C_A,,,,,,,,,,,,,,100%,,,,,,,100%,,,,,,,,,,,,,,,,,,,,,,,,A946A (GCC_GCA) ,J _,tail:host specificity protein
"18,463",A_G,,100%,,,,,,,,,,,,,,,,,,,,,,,,,,,,,,,,,,,,,,,,,,,T987A (ACG_GCG) ,J _,tail:host specificity protein
"18,503",C_T,100%,100%,100%,100%,100%,100%,100%,100%,100%,100%,100%,100%,100%,100%,100%,100%,100%,100%,100%,100%,100%,100%,100%,100%,100%,100%,100%,100%,100%,100%,100%,100%,100%,100%,100%,100%,100%,100%,100%,100%,100%,100%,100%,100%,A1000V (GCG_GTG) ,J _,tail:host specificity protein
"18,535",A_C,,100%,,,,,,,,,,,,,,,,,,,,,,,,,,,,,,,,,,,,,,,,,,,S1011R (AGC_CGC) ,J _,tail:host specificity protein
"18,538",A_G,,,,,,,,,,,,100%,,100%,100%,,,100%,100%,100%,100%,100%,100%,,,,,,100%,100%,100%,100%,100%,100%,100%,100%,100%,100%,100%,100%,100%,100%,100%,100%,S1012G (AGT_GGT) ,J _,tail:host specificity protein
"18,731",C_T,,,,,,,,,,,,,,,,,,100%,,,,,,,,,,,,,,,,,,,,,,,,,,,A1076V (GCG_GTG) ,J _,tail:host specificity protein
"18,734",T_C,100%,100%,100%,100%,100%,,100%,100%,,100%,100%,100%,100%,100%,,100%,100%,,100%,100%,,100%,,100%,,100%,100%,100%,100%,100%,100%,100%,,,,,100%,100%,100%,,100%,100%,100%,100%,V1077A (GTA_GCA) ,J _,tail:host specificity protein
"18,814",C_T,,,,,,,,,,,,100%,,100%,100%,,,,100%,100%,,100%,100%,,,,,,,100%,100%,100%,100%,100%,100%,100%,100%,100%,100%,100%,100%,100%,100%,100%,H1104Y (CAT_TAT) ,J _,tail:host specificity protein
"18,823",G_A,100%,100%,100%,100%,100%,,100%,100%,100%,100%,100%,100%,100%,100%,100%,100%,100%,100%,100%,100%,100%,100%,100%,100%,,100%,100%,100%,100%,100%,100%,100%,100%,100%,100%,100%,100%,100%,100%,100%,100%,100%,100%,100%,D1107K (GAT_AAG) ,J _,tail:host specificity protein
"18,825",T_A,,,,,,,,,,,,100%,,100%,100%,,,,100%,100%,,100%,100%,,,,,,,,100%,100%,100%,100%,100%,100%,100%,100%,100%,100%,100%,100%,100%,100%,D1107K (GAT_AAA) ,J _,tail:host specificity protein
"18,825",T_G,,100%,,,,,,,,,,,,,,,,,,,,,,,,,,,,,,,,,,,,,,,,,,,D1107K (GAT_AAG) ,J _,tail:host specificity protein
"18,868",A_C,,,,100%,100%,,,,,,100%,,,100%,,,,,,100%,,100%,,,,,,,,,100%,100%,,,,,100%,100%,100%,,100%,100%,100%,,I1122L (ATT_CTT) ,J _,tail:host specificity protein
"18,868",A_G,,,,,,,,,,,,100%,,,,,,,,,,,,,,,,,,,,,,,,,,,,,,,,,I1122V (ATT_GTT) ,J _,tail:host specificity protein
"18,868",A_T,,100%,,,,,,,,,,,,,100%,,,,,,,,100%,,,,,,,,,,100%,100%,100%,100%,,,,100%,,,,100%,I1122F (ATT_TTT) ,J _,tail:host specificity protein
"18,884",T_C,,,,,,100%,,,,,,,,,,,,,,,,,,,100%,,,,,,,,,,,,,,,,,,,,L1127P (CTG_CCG) ,J _,tail:host specificity protein
"19,260",T_C,,,,,,,,,,,,,,,,,,,,,,,100%,,,,,,,,100%,,100%,,100%,100%,100%,100%,100%,,100%,,100%,100%,L99P (CTG_CCG) ,lom _,outer host membrane
"19,791",C_G,,,,,,,,,,,,,,,,,,,100%,,100%,,,,,,,,,,,,,,,,,,,,,,,,R48G (CGT_GGT) ,orf_401 _,Tail fiber protein
"20,200",A_G,,,,,,100%,,,,,,,,,,,,,,,,,,,,,,,,,,,,,,,,,,,,,,,E184G (GAA_GGA) ,orf_401 _,Tail fiber protein
"39,183",(G)5_6,,,,,,,,,,,,,,,,,,,100%,,,,100%,,,,,,,100%,100%,100%,100%,100%,100%,100%,100%,100%,100%,100%,100%,100%,100%,100%,intergenic (+364/_7),orf_64 _ / _ S,hypothetical protein/anti_holin
"39,198",G_A,,,,,,,,,,,,,,,,,,,,,,,,,100%,,,,,,,,,,,,,,,,,,,,M3I (ATG_ATA) ,S _,anti_holin
"40,140",T_C,,,,,,,,,,,100%,,,,,,,,,,,,,,,,,,,,,,,,,,,100%,,,100%,,,,R57R (CGT_CGC) ,Rz _,cell lysis protein
"40,158",G_A,,,,,,,,,,,100%,,,,,,,,,,,,,,,,,,,,,,,,,,,100%,,,100%,,,,A63A (GCG_GCA) ,Rz _,cell lysis protein
"40,161",C_G,,,,,,,,,,,100%,,,,,,,,,,,,,,,,,,,,,,,,,,,100%,,,100%,,,,L64L (CTC_CTG) ,Rz _,cell lysis protein
"40,166",C_A,,,,,,,,,,,100%,,,,,,,,,,,,,,,,,,,,,,,,,,,100%,,,100%,,,,A66E (GCA_GAA) ,Rz _,cell lysis protein
"40,189",G_A,,,,,,,,,,,100%,,,,,,,,,,,,,,,,,,,,,,,,,,,100%,,,100%,,100%,,D74N (GAT_AAT) ,Rz _,cell lysis protein
"40,194",T_G,,,,,,,,,,,100%,,,,,,,,,,,,,,,,,,,,,,,,,,,100%,,,100%,,100%,,A75A (GCT_GCG) ,Rz _,cell lysis protein
"40,434",T_C,,,,,,,,,,,100%,,,,,,,,,100%,,,,,,,,,,,,,,,,,,100%,,,100%,,100%,,intergenic (+3/+29),Rz _ / _ bor,cell lysis protein/Bor protein precursor
"40,601",G_A,,,,,,,,,,,100%,,,,,,,,,100%,,,,,,,,,,,,,,,,100%,,100%,,,100%,,100%,,V52V (GTC_GTT) ,bor _,Bor protein precursor
"40,612",T_C,,,,,,,,,,,100%,,,,,,,,,100%,,,,,,,,,,,,,,,,100%,,100%,,,100%,,100%,,K49E (AAG_GAG) ,bor _,Bor protein precursor
"40,616",C_T,,,,,,,,,,,100%,,,,,,,,,100%,,,,,,,,,,,,,,,,100%,,100%,,,100%,,100%,,G47G (GGG_GGA) ,bor _,Bor protein precursor
"40,625",A_C,,,,,,,,,,,100%,,,,,,,,,100%,,,,,,,,,,,,,,,,100%,,100%,,,100%,,100%,,S44S (TCT_TCG) ,bor _,Bor protein precursor
"40,637",A_G,,,,,,,,,,,100%,,,,,,,,,100%,,,,,,,,,,,,,,,,100%,,100%,,,100%,,100%,,H40H (CAT_CAC) ,bor _,Bor protein precursor
"40,663",C_T,,,,,,,,,,,,,,,,,,,,100%,,,,,,,,,,100%,,,,,,100%,,100%,,,100%,,100%,,A32T (GCA_ACA) ,bor _,Bor protein precursor
"40,672",C_T,,,,,,,,,,,,,,,,,,,,100%,,,,,,,,,,100%,,,,,,100%,,100%,,,100%,,100%,,A29T (GCA_ACA) ,bor _,Bor protein precursor
"40,683",2 bp_CC,,,,,,,,,,,,,,,,,,,,100%,,,,,,,,,, ,,,,,,100%,,100%,,,100%,,100%,,coding (73_74/294 nt),bor _,Bor protein precursor
"40,723",2 bp_TT,,,,,,,,,,,,,,,,,,,,100%,,,,,,,,,,,,,,,,100%,,,,,,,,,coding (33_34/294 nt),bor _,Bor protein precursor
"40,898",G_C,,,,,,,,,,,,,,,,,,,,100%,,,,,,,,,,,,,,,, ,,,,,,,,,intergenic (_142/+149),bor _ / _ lambdap78,Bor protein precursor/putative envelope protein
"40,905",T_C,,,,,,,,,,,,,,,,,,,,100%,,,,,,,,,,,,,,,, ,,,,,,,,,intergenic (_149/+142),bor _ / _ lambdap78,Bor protein precursor/putative envelope protein
"40,909",T_A,,,,,,,,,,,,,,,,,,,,100%,,,,,,,,,,,,,,,, ,,,,,,,,,intergenic (_153/+138),bor _ / _ lambdap78,Bor protein precursor/putative envelope protein
"40,912",2 bp_GT,,,,,,,,,,,,,,,,,,,,100%,,,,,,,,,,,,,,,, ,,,,,,,,,intergenic (_156/+134),bor _ / _ lambdap78,Bor protein precursor/putative envelope protein
"40,919",_1 bp,,,,,,,,,,,,,,,,,,,,100%,,,,,,,,,,,,,,,,100%,,,,,,,,,intergenic (_163/+128),bor _ / _ lambdap78,Bor protein precursor/putative envelope protein
"40,929",C_T,,,,,,,,,,,,,,,,,,,,100%,,,,,,,,,,,,,,,, ,,,,,,,,,intergenic (_173/+118),bor _ / _ lambdap78,Bor protein precursor/putative envelope protein
"40,931",T_C,,,,,,,,,,,,,,,,,,,,100%,,,,,,,,,,,,,,,, ,,,,,,,,,intergenic (_175/+116),bor _ / _ lambdap78,Bor protein precursor/putative envelope protein
"40,933",+T,,,,,,,,,,,,,,,,,,,,100%,,,,,,,,,,,,,,,,100%,,,,,,,,,intergenic (_177/+114),bor _ / _ lambdap78,Bor protein precursor/putative envelope protein
"40,939",G_T,,,,,,,,,,,,,,,,,,,,100%,,,,,,,,,,,,,,,,100%,,,,,,,,,intergenic (_183/+108),bor _ / _ lambdap78,Bor protein precursor/putative envelope protein
"40,946",C_G,,,,,,,,,,,,,,,,,,,,100%,,,,,,,,,,,,,,,,100%,,,,,,,,,intergenic (_190/+101),bor _ / _ lambdap78,Bor protein precursor/putative envelope protein
"40,957",T_C,,,,,,,,,,,,,,,,,,,,100%,,,,,,,,,,,,,,,,100%,,,,,,,,,intergenic (_201/+90),bor _ / _ lambdap78,Bor protein precursor/putative envelope protein
"40,973",A_C,,,,,,,,,,,,,,,,,,,,100%,,,,,,,,,,,,,,,, ,,,,,,,,,intergenic (_217/+74),bor _ / _ lambdap78,Bor protein precursor/putative envelope protein
"42,104",2 bp_AC,,,,,,,,,,,,,,,,,,,,100%,,,,,,,,,,,,,,,, ,,,,,,,,,intergenic (+155/–),lambdap79 _ / –,hypothetical protein/–
"42,115",C_T,,,,,,,,,,,,,,,,,,,,100%,,,,,,,,,,,,,,,,100%,,100%,,,,,,,intergenic (+166/–),lambdap79 _ / –,hypothetical protein/–
"42,120",T_A,,,,,,,,,,,,,,,,,,,,100%,,,,,,,,,,,,,,,,100%,,100%,,,,,,,intergenic (+171/–),lambdap79 _ / –,hypothetical protein/–
"42,129",T_C,,,,,,,,,,,,,,,,,,,,100%,,,,,,,,,,,,,,,,100%,,100%,,,,,,,intergenic (+180/–),lambdap79 _ / –,hypothetical protein/–
"42,131",2 bp_GG,,,,,,,,,,,,,,,,,,,,100%,,,,,,,,,,,,,,,,100%,,100%,,,,,,,intergenic (+182/–),lambdap79 _ / –,hypothetical protein/–
"42,165",C_T,,,,,,,,,,,,,,,,,,,,100%,,,,,,,,,,100%,,,,,,100%,,100%,,,100%,,100%,,intergenic (+216/–),lambdap79 _ / –,hypothetical protein/–
"42,207",G_A,,,,,,,,,,,100%,,,,,,,,,100%,,,,,,,,,,100%,,,,,,100%,,100%,,,100%,,100%,,intergenic (+258/–),lambdap79 _ / –,hypothetical protein/–
"42,300",C_A,,,,,,,,,,,100%,,,,,,,,,100%,,,,,,,,,,100%,,,,,,,,100%,,,100%,,100%,,intergenic (+351/–),lambdap79 _ / –,hypothetical protein/–
"42,432",C_G,,,,,,,,,,,,,,,,,,,,100%,,,,,,,,,,,,,,,,,,100%,,,100%,,100%,,intergenic (+483/–),lambdap79 _ / –,hypothetical protein/–
"42,434",2 bp_AG,,,,,,,,,,,,,,,,,,,,100%,,,,,,,,,,,,,,,,,,100%,,,100%,,100%,,intergenic (+485/–),lambdap79 _ / –,hypothetical protein/–
"42,437",C_T,,,,,,,,,,,,,,,,,,,,100%,,,,,,,,,,,,,,,,,,100%,,,100%,,100%,,intergenic (+488/–),lambdap79 _ / –,hypothetical protein/–
"42,449",T_C,,,,,,,,,,,,,,,,,,,,100%,,,,,,,,,,,,,,,,,,,,,100%,,100%,,intergenic (+500/–),lambdap79 _ / –,hypothetical protein/–
"42,464",C_T,,,,,,,,,,,,,,,,,,,,100%,,,,,,,,,,,,,,,,,,,,,100%,,100%,,intergenic (+515/–),lambdap79 _ / –,hypothetical protein/–
"42,472",C_T,,,,,,,,,,,,,,,,,,,,100%,,,,,,,,,,,,,,,,,,,,,100%,,100%,,intergenic (+523/–),lambdap79 _ / –,hypothetical protein/–
"42,476",A_G,,,,,,,,,,,,,,,,,,,,100%,,,,,,,,,,,,,,,,,,,,,100%,,100%,,intergenic (+527/–),lambdap79 _ / –,hypothetical protein/–
"42,491",T_C,,,,,,,,,,,,,,,,,,,,100%,,,,,,,,,,,,,,,,,,,,,100%,,100%,,intergenic (+542/–),lambdap79 _ / –,hypothetical protein/–